{"cameraMode":{"drawMode":0,"name":"Shaded","section":"Shading Mode"},"sceneLighting":true,"audioPlay":false,"sceneViewState":{"m_AlwaysRefresh":false,"showFog":true,"showSkybox":true,"showFlares":true,"showImageEffects":true,"showParticleSystems":true,"showVisualEffectGraphs":true,"m_FxEnabled":true},"in2DMode":false,"pivot":{"x":-0.08164616674184799,"y":2.1299526691436769,"z":-0.7552635669708252},"rotation":{"x":-0.025493750348687173,"y":-0.016494132578372957,"z":-0.00042078635306097567,"w":0.9995396733283997},"size":1.6267696619033814,"orthographic":true}